-- phpMyAdmin SQL Dump
-- version 4.9.1
-- https://www.phpmyadmin.net/
--
-- Host: localhost
-- Generation Time: Jun 10, 2024 at 08:32 AM
-- Server version: 8.0.17
-- PHP Version: 7.3.10

SET SQL_MODE = "NO_AUTO_VALUE_ON_ZERO";
SET AUTOCOMMIT = 0;
START TRANSACTION;
SET time_zone = "+00:00";


/*!40101 SET @OLD_CHARACTER_SET_CLIENT=@@CHARACTER_SET_CLIENT */;
/*!40101 SET @OLD_CHARACTER_SET_RESULTS=@@CHARACTER_SET_RESULTS */;
/*!40101 SET @OLD_COLLATION_CONNECTION=@@COLLATION_CONNECTION */;
/*!40101 SET NAMES utf8mb4 */;

--
-- Database: `xo_game`
--

-- --------------------------------------------------------

--
-- Table structure for table `games`
--

CREATE TABLE `games` (
  `id` int(11) NOT NULL,
  `size` int(11) NOT NULL,
  `player1` varchar(50) NOT NULL,
  `player2` varchar(50) NOT NULL,
  `winner` varchar(50) DEFAULT NULL,
  `created_at` timestamp NULL DEFAULT CURRENT_TIMESTAMP
) ENGINE=InnoDB DEFAULT CHARSET=utf8;

--
-- Dumping data for table `games`
--

INSERT INTO `games` (`id`, `size`, `player1`, `player2`, `winner`, `created_at`) VALUES
(1, 3, 'mas', 'BOT', 'mas', '2024-06-09 16:15:46'),
(2, 3, 'mas', 'BOT', 'BOT', '2024-06-09 16:15:53'),
(3, 3, 'maximus', 'walker', 'Tie', '2024-06-09 16:16:19'),
(4, 3, 'nae', 'mas', 'nae', '2024-06-09 16:40:36'),
(5, 3, 'mas', 'BOT', NULL, '2024-06-09 16:53:32'),
(6, 3, 'maximus', 'BOT', 'maximus', '2024-06-09 17:15:58'),
(7, 3, 'mas', 'BOT', 'mas', '2024-06-09 17:25:57'),
(8, 0, '', 'BOT', 'Tie', '2024-06-09 17:27:19'),
(9, 0, '', 'BOT', 'Tie', '2024-06-09 17:27:21'),
(10, 3, 'mas', 'BOT', 'mas', '2024-06-09 17:27:27'),
(11, 3, 'mas', 'BOT', 'mas', '2024-06-09 17:27:32'),
(12, 0, '', 'BOT', 'Tie', '2024-06-09 17:27:42'),
(13, 0, '', 'BOT', 'Tie', '2024-06-09 17:28:58'),
(14, 3, 'mas', 'BOT', 'BOT', '2024-06-09 17:29:06'),
(15, 3, 'mas', 'BOT', 'BOT', '2024-06-09 17:43:52'),
(16, 3, 'mas', 'BOT', NULL, '2024-06-09 17:52:32'),
(17, 0, '', '', 'Tie', '2024-06-09 17:53:17'),
(18, 3, 'mas', 'mas2', NULL, '2024-06-09 17:53:24'),
(19, 3, 'mas', 'BOT', 'Tie', '2024-06-09 17:57:24'),
(20, 3, 'mas', 'BOT', 'mas', '2024-06-09 18:02:41'),
(21, 3, 'mas', 'BOT', 'mas', '2024-06-09 18:03:20'),
(22, 3, 'mas', 'BOT', 'mas', '2024-06-09 18:09:11'),
(23, 3, 'mas', 'BOT', 'mas', '2024-06-09 18:13:59'),
(24, 3, 'mas', 'BOT', 'mas', '2024-06-09 18:21:54'),
(25, 3, 'mas', 'BOT', 'mas', '2024-06-09 18:24:06'),
(26, 3, 'mas', 'BOT', 'mas', '2024-06-09 18:24:14'),
(27, 3, 'mas', 'BOT', 'mas', '2024-06-09 18:28:20'),
(28, 3, 'mas', 'BOT', NULL, '2024-06-09 18:29:56'),
(29, 4, 'mas', 'BOT', NULL, '2024-06-09 18:30:01'),
(30, 5, 'mas', 'BOT', 'mas', '2024-06-09 18:30:04'),
(31, 5, 'mas', 'BOT', 'mas', '2024-06-09 18:40:17'),
(32, 5, 'mas', 'BOT', 'mas', '2024-06-09 18:41:06'),
(33, 5, 'mas', 'BOT', 'BOT', '2024-06-09 18:43:44'),
(34, 5, 'mas', 'BOT', 'mas', '2024-06-09 18:43:49'),
(35, 5, 'mas', 'BOT', 'mas', '2024-06-09 18:43:53'),
(36, 5, 'mas', 'BOT', 'mas', '2024-06-09 18:44:04'),
(37, 5, 'mas', 'BOT', 'mas', '2024-06-09 18:44:12'),
(38, 5, 'mas', 'BOT', 'mas', '2024-06-09 18:44:29'),
(39, 5, 'mas', 'BOT', 'mas', '2024-06-09 18:44:36'),
(40, 5, 'mas', 'BOT', 'mas', '2024-06-09 18:44:38'),
(41, 5, 'mas', 'BOT', 'mas', '2024-06-09 18:45:08'),
(42, 5, 'mas', 'BOT', NULL, '2024-06-09 18:45:11'),
(43, 5, 'mas', 'BOT', 'mas', '2024-06-09 18:47:44'),
(44, 5, 'mas', 'BOT', 'mas', '2024-06-09 18:47:48'),
(45, 5, 'mas', 'BOT', 'mas', '2024-06-09 18:49:23'),
(46, 5, 'mas', 'BOT', 'BOT', '2024-06-09 18:49:25'),
(47, 5, 'mas', 'BOT', 'mas', '2024-06-09 18:49:31'),
(48, 6, 'mas', 'BOT', 'mas', '2024-06-09 18:49:50'),
(49, 6, 'mas', 'BOT', 'mas', '2024-06-09 18:49:53'),
(50, 6, 'mas', 'BOT', 'mas', '2024-06-09 18:49:56'),
(51, 6, 'mas', 'BOT', 'mas', '2024-06-09 18:50:00'),
(52, 6, 'mas', 'BOT', 'mas', '2024-06-09 18:50:06'),
(53, 6, 'mas', 'BOT', 'BOT', '2024-06-09 18:50:08'),
(54, 6, 'mas', 'BOT', 'mas', '2024-06-09 18:50:28'),
(55, 3, 'mas', 'BOT', 'BOT', '2024-06-09 18:50:36'),
(56, 3, 'mas', 'BOT', 'BOT', '2024-06-09 18:50:52'),
(57, 3, 'mas', 'BOT', 'mas', '2024-06-09 18:50:58'),
(58, 4, 'mas', 'BOT', 'Tie', '2024-06-09 18:51:13'),
(59, 4, 'mas', 'BOT', 'Tie', '2024-06-09 18:51:42'),
(60, 6, 'mas', 'BOT', 'mas', '2024-06-09 18:52:08'),
(61, 6, 'mas', 'BOT', 'mas', '2024-06-09 18:55:31'),
(62, 6, 'mas', 'BOT', 'mas', '2024-06-09 18:55:53'),
(63, 6, 'mas', 'BOT', 'mas', '2024-06-09 18:56:12'),
(64, 6, 'mas', 'BOT', 'mas', '2024-06-09 18:56:21'),
(65, 3, 'mas', 'BOT', 'Tie', '2024-06-09 18:57:21'),
(66, 3, 'mas', 'mas2', 'mas', '2024-06-09 18:59:54'),
(67, 3, 'mas', 'BOT', NULL, '2024-06-09 19:02:34'),
(68, 3, 'mas', 'BOT', NULL, '2024-06-09 19:03:02'),
(69, 3, 'mas', 'mas2', 'mas2', '2024-06-09 19:03:07'),
(70, 3, 'mas', 'mas2', 'Tie', '2024-06-09 19:04:02'),
(71, 3, 'mas', 'mas2', 'mas2', '2024-06-09 19:04:50'),
(72, 3, 'mas', 'mas2', 'mas', '2024-06-09 19:14:16'),
(73, 3, 'mas', 'BOT', 'mas', '2024-06-09 19:14:42'),
(74, 3, 'mas', 'BOT', 'mas', '2024-06-09 19:16:00'),
(75, 3, 'mas', 'BOT', 'mas', '2024-06-09 19:16:10'),
(76, 3, 'mas', 'BOT', 'mas', '2024-06-09 19:27:03'),
(77, 3, 'mas', 'mas2', 'Tie', '2024-06-09 19:27:50'),
(78, 3, 'mas', 'BOT', 'Tie', '2024-06-09 19:30:24'),
(79, 3, 'mas', 'mas2', 'mas', '2024-06-09 19:30:54'),
(80, 3, 'mas', 'BOT', 'BOT', '2024-06-09 19:32:27'),
(81, 3, 'mas', 'mas2', 'Tie', '2024-06-09 19:46:20'),
(82, 3, 'mas', 'BOT', 'BOT', '2024-06-09 19:57:43'),
(83, 3, 'mas', 'BOT', 'BOT', '2024-06-09 19:58:10'),
(84, 3, 'mas', 'BOT', 'mas', '2024-06-09 19:58:46'),
(85, 3, 'mas', 'BOT', 'mas', '2024-06-09 19:58:52'),
(86, 3, 'mas', 'BOT', 'mas', '2024-06-09 19:58:55'),
(87, 3, 'mas', 'BOT', 'mas', '2024-06-09 20:04:23'),
(88, 3, 'mas', 'BOT', 'BOT', '2024-06-09 20:04:43'),
(89, 3, 'mas', 'mas2', NULL, '2024-06-09 20:12:16'),
(90, 4, 'mas', 'mas2', 'mas2', '2024-06-09 20:12:21'),
(91, 3, 'mas', 'BOT', 'mas', '2024-06-10 08:12:28'),
(92, 3, 'mas', 'BOT', 'BOT', '2024-06-10 08:17:56'),
(93, 3, 'mas', 'BOT', 'mas', '2024-06-10 08:31:23'),
(94, 3, 'mas', 'BOT', 'BOT', '2024-06-10 08:31:36'),
(95, 3, 'mas', 'BOT', 'mas', '2024-06-10 08:31:42');

-- --------------------------------------------------------

--
-- Table structure for table `game_history`
--

CREATE TABLE `game_history` (
  `id` int(11) NOT NULL,
  `game_id` int(11) NOT NULL,
  `player` varchar(50) NOT NULL,
  `move_row` int(11) NOT NULL,
  `move_col` int(11) NOT NULL,
  `move_time` timestamp NULL DEFAULT CURRENT_TIMESTAMP
) ENGINE=InnoDB DEFAULT CHARSET=utf8;

--
-- Dumping data for table `game_history`
--

INSERT INTO `game_history` (`id`, `game_id`, `player`, `move_row`, `move_col`, `move_time`) VALUES
(1, 3, 'maximus', 0, 0, '2024-06-09 16:16:20'),
(2, 3, 'walker', 0, 2, '2024-06-09 16:16:21'),
(3, 3, 'maximus', 1, 1, '2024-06-09 16:16:23'),
(4, 3, 'walker', 1, 0, '2024-06-09 16:16:24'),
(5, 3, 'maximus', 2, 0, '2024-06-09 16:16:25'),
(6, 3, 'walker', 2, 2, '2024-06-09 16:16:26'),
(7, 3, 'maximus', 1, 2, '2024-06-09 16:16:28'),
(8, 3, 'walker', 2, 1, '2024-06-09 16:16:29'),
(9, 3, 'maximus', 0, 1, '2024-06-09 16:16:30'),
(10, 4, 'nae', 2, 0, '2024-06-09 16:40:52'),
(11, 4, 'mas', 1, 1, '2024-06-09 16:40:54'),
(12, 4, 'nae', 0, 0, '2024-06-09 16:41:07'),
(13, 4, 'mas', 1, 0, '2024-06-09 16:41:08'),
(14, 4, 'nae', 1, 2, '2024-06-09 16:41:16'),
(15, 4, 'mas', 0, 1, '2024-06-09 16:41:19'),
(16, 4, 'nae', 2, 1, '2024-06-09 16:41:21'),
(17, 4, 'mas', 0, 2, '2024-06-09 16:41:23'),
(18, 18, 'mas', 0, 0, '2024-06-09 17:53:59'),
(19, 66, 'mas', 0, 0, '2024-06-09 19:02:10'),
(20, 66, 'mas2', 1, 1, '2024-06-09 19:02:11'),
(21, 66, 'mas', 2, 0, '2024-06-09 19:02:12'),
(22, 66, 'mas2', 2, 2, '2024-06-09 19:02:13'),
(23, 66, 'mas', 0, 2, '2024-06-09 19:02:13'),
(24, 66, 'mas2', 2, 1, '2024-06-09 19:02:14'),
(25, 69, 'mas', 0, 0, '2024-06-09 19:03:11'),
(26, 69, 'mas2', 0, 2, '2024-06-09 19:03:12'),
(27, 69, 'mas', 1, 1, '2024-06-09 19:03:13'),
(28, 69, 'mas2', 2, 2, '2024-06-09 19:03:13'),
(29, 69, 'mas', 0, 1, '2024-06-09 19:03:15'),
(30, 70, 'mas', 0, 0, '2024-06-09 19:04:05'),
(31, 70, 'mas2', 0, 2, '2024-06-09 19:04:06'),
(32, 70, 'mas', 1, 1, '2024-06-09 19:04:07'),
(33, 70, 'mas2', 2, 2, '2024-06-09 19:04:07'),
(34, 70, 'mas', 2, 0, '2024-06-09 19:04:08'),
(35, 70, 'mas2', 1, 0, '2024-06-09 19:04:09'),
(36, 70, 'mas', 1, 2, '2024-06-09 19:04:11'),
(37, 70, 'mas2', 2, 1, '2024-06-09 19:04:12'),
(38, 70, 'mas', 0, 1, '2024-06-09 19:04:12'),
(39, 71, 'mas', 0, 0, '2024-06-09 19:06:20'),
(40, 71, 'mas2', 1, 1, '2024-06-09 19:06:21'),
(41, 71, 'mas', 1, 0, '2024-06-09 19:08:48'),
(42, 71, 'mas2', 2, 0, '2024-06-09 19:08:49'),
(43, 71, 'mas', 2, 1, '2024-06-09 19:08:49'),
(44, 71, 'mas2', 1, 2, '2024-06-09 19:08:50'),
(45, 71, 'mas', 0, 1, '2024-06-09 19:08:50'),
(46, 72, 'mas', 0, 0, '2024-06-09 19:14:18'),
(47, 72, 'mas2', 1, 0, '2024-06-09 19:14:18'),
(48, 72, 'mas', 1, 1, '2024-06-09 19:14:19'),
(49, 72, 'mas2', 2, 1, '2024-06-09 19:14:19'),
(50, 77, 'mas', 0, 1, '2024-06-09 19:27:51'),
(51, 77, 'mas2', 1, 1, '2024-06-09 19:27:51'),
(52, 77, 'mas', 1, 2, '2024-06-09 19:27:51'),
(53, 77, 'mas2', 2, 2, '2024-06-09 19:27:52'),
(54, 77, 'mas', 2, 1, '2024-06-09 19:27:52'),
(55, 77, 'mas2', 1, 0, '2024-06-09 19:27:52'),
(56, 77, 'mas', 2, 0, '2024-06-09 19:27:53'),
(57, 77, 'mas2', 0, 2, '2024-06-09 19:27:53'),
(58, 77, 'mas', 0, 0, '2024-06-09 19:27:54'),
(59, 79, 'mas', 0, 0, '2024-06-09 19:30:55'),
(60, 79, 'mas2', 1, 0, '2024-06-09 19:30:55'),
(61, 79, 'mas', 1, 1, '2024-06-09 19:30:56'),
(62, 79, 'mas2', 0, 2, '2024-06-09 19:30:56'),
(63, 79, 'mas', 2, 1, '2024-06-09 19:30:56'),
(64, 79, 'mas2', 2, 0, '2024-06-09 19:30:57'),
(65, 81, 'mas', 0, 0, '2024-06-09 19:46:21'),
(66, 81, 'mas2', 1, 1, '2024-06-09 19:46:21'),
(67, 81, 'mas', 2, 2, '2024-06-09 19:46:21'),
(68, 81, 'mas2', 1, 2, '2024-06-09 19:46:22'),
(69, 81, 'mas', 1, 0, '2024-06-09 19:46:23'),
(70, 81, 'mas2', 2, 0, '2024-06-09 19:46:23'),
(71, 81, 'mas', 0, 2, '2024-06-09 19:46:25'),
(72, 81, 'mas2', 0, 1, '2024-06-09 19:46:25'),
(73, 81, 'mas', 2, 1, '2024-06-09 19:46:26'),
(74, 82, 'mas', 0, 0, '2024-06-09 19:57:44'),
(75, 82, 'mas', 1, 1, '2024-06-09 19:57:45'),
(76, 82, 'mas', 1, 0, '2024-06-09 19:57:49'),
(77, 82, 'mas', 2, 0, '2024-06-09 19:57:50'),
(78, 82, 'mas', 2, 1, '2024-06-09 19:57:50'),
(79, 82, 'mas', 0, 1, '2024-06-09 19:57:52'),
(80, 83, 'mas', 0, 0, '2024-06-09 19:58:11'),
(81, 83, 'mas', 1, 1, '2024-06-09 19:58:11'),
(82, 83, 'mas', 2, 2, '2024-06-09 19:58:12'),
(83, 83, 'mas', 2, 1, '2024-06-09 19:58:44'),
(84, 83, 'mas', 1, 0, '2024-06-09 19:58:45'),
(85, 84, 'mas', 0, 0, '2024-06-09 19:58:47'),
(86, 84, 'mas', 1, 1, '2024-06-09 19:58:47'),
(87, 84, 'mas', 1, 2, '2024-06-09 19:58:48'),
(88, 84, 'mas', 1, 0, '2024-06-09 19:58:50'),
(89, 85, 'mas', 0, 0, '2024-06-09 19:58:52'),
(90, 85, 'mas', 1, 1, '2024-06-09 19:58:53'),
(91, 85, 'mas', 0, 2, '2024-06-09 19:58:53'),
(92, 85, 'mas', 2, 0, '2024-06-09 19:58:54'),
(93, 86, 'mas', 0, 0, '2024-06-09 19:58:55'),
(94, 86, 'mas', 1, 2, '2024-06-09 19:58:56'),
(95, 86, 'mas', 0, 1, '2024-06-09 19:58:56'),
(96, 86, 'mas', 2, 0, '2024-06-09 19:58:59'),
(97, 86, 'mas', 0, 2, '2024-06-09 19:59:01'),
(98, 87, 'mas', 0, 0, '2024-06-09 20:04:24'),
(99, 87, 'BOT', 2, 0, '2024-06-09 20:04:24'),
(100, 87, 'mas', 1, 1, '2024-06-09 20:04:24'),
(101, 87, 'BOT', 1, 2, '2024-06-09 20:04:24'),
(102, 87, 'mas', 2, 2, '2024-06-09 20:04:26'),
(103, 87, 'BOT', 2, 1, '2024-06-09 20:04:26'),
(104, 88, 'mas', 0, 0, '2024-06-09 20:04:43'),
(105, 88, 'BOT', 1, 0, '2024-06-09 20:04:43'),
(106, 88, 'mas', 0, 1, '2024-06-09 20:04:45'),
(107, 88, 'BOT', 1, 1, '2024-06-09 20:04:46'),
(108, 88, 'mas', 2, 2, '2024-06-09 20:04:49'),
(109, 88, 'BOT', 0, 2, '2024-06-09 20:04:49'),
(110, 88, 'mas', 1, 2, '2024-06-09 20:04:51'),
(111, 88, 'BOT', 2, 0, '2024-06-09 20:04:51'),
(112, 89, 'mas', 0, 0, '2024-06-09 20:12:17'),
(113, 90, 'mas', 0, 0, '2024-06-09 20:12:22'),
(114, 90, 'mas2', 1, 0, '2024-06-09 20:12:22'),
(115, 90, 'mas', 2, 1, '2024-06-09 20:12:23'),
(116, 90, 'mas2', 3, 0, '2024-06-09 20:12:24'),
(117, 90, 'mas', 2, 0, '2024-06-09 20:12:24'),
(118, 90, 'mas2', 1, 1, '2024-06-09 20:12:24'),
(119, 90, 'mas', 0, 2, '2024-06-09 20:12:25'),
(120, 90, 'mas2', 1, 2, '2024-06-09 20:12:25'),
(121, 90, 'mas', 2, 2, '2024-06-09 20:12:25'),
(122, 91, 'mas', 0, 0, '2024-06-10 08:12:35'),
(123, 91, 'BOT', 0, 2, '2024-06-10 08:12:35'),
(124, 91, 'mas', 1, 1, '2024-06-10 08:12:36'),
(125, 91, 'BOT', 2, 0, '2024-06-10 08:12:36'),
(126, 91, 'mas', 1, 2, '2024-06-10 08:12:37'),
(127, 91, 'BOT', 2, 2, '2024-06-10 08:12:37'),
(128, 91, 'mas', 1, 0, '2024-06-10 08:12:41'),
(129, 91, 'BOT', 2, 1, '2024-06-10 08:12:41'),
(130, 92, 'mas', 0, 1, '2024-06-10 08:17:56'),
(131, 92, 'BOT', 2, 2, '2024-06-10 08:17:56'),
(132, 92, 'mas', 1, 2, '2024-06-10 08:17:57'),
(133, 92, 'BOT', 0, 0, '2024-06-10 08:17:57'),
(134, 92, 'mas', 2, 1, '2024-06-10 08:17:57'),
(135, 92, 'BOT', 2, 0, '2024-06-10 08:17:57'),
(136, 92, 'mas', 1, 1, '2024-06-10 08:17:58'),
(137, 92, 'BOT', 1, 0, '2024-06-10 08:17:58'),
(138, 93, 'mas', 0, 0, '2024-06-10 08:31:23'),
(139, 93, 'BOT', 0, 2, '2024-06-10 08:31:23'),
(140, 93, 'mas', 1, 1, '2024-06-10 08:31:24'),
(141, 93, 'BOT', 0, 1, '2024-06-10 08:31:24'),
(142, 93, 'mas', 1, 2, '2024-06-10 08:31:24'),
(143, 93, 'BOT', 1, 0, '2024-06-10 08:31:24'),
(144, 93, 'mas', 2, 2, '2024-06-10 08:31:27'),
(145, 94, 'mas', 0, 0, '2024-06-10 08:31:38'),
(146, 94, 'BOT', 2, 0, '2024-06-10 08:31:38'),
(147, 94, 'mas', 1, 0, '2024-06-10 08:31:38'),
(148, 94, 'BOT', 2, 2, '2024-06-10 08:31:38'),
(149, 94, 'mas', 0, 1, '2024-06-10 08:31:40'),
(150, 94, 'BOT', 2, 1, '2024-06-10 08:31:40'),
(151, 95, 'mas', 0, 0, '2024-06-10 08:31:42'),
(152, 95, 'BOT', 0, 1, '2024-06-10 08:31:42'),
(153, 95, 'mas', 1, 1, '2024-06-10 08:31:42'),
(154, 95, 'BOT', 1, 2, '2024-06-10 08:31:42'),
(155, 95, 'mas', 2, 2, '2024-06-10 08:31:43');

-- --------------------------------------------------------

--
-- Table structure for table `moves`
--

CREATE TABLE `moves` (
  `id` int(11) NOT NULL,
  `game_id` int(11) NOT NULL,
  `player` varchar(50) NOT NULL,
  `move_row` int(11) NOT NULL,
  `move_col` int(11) NOT NULL
) ENGINE=InnoDB DEFAULT CHARSET=utf8;

--
-- Dumping data for table `moves`
--

INSERT INTO `moves` (`id`, `game_id`, `player`, `move_row`, `move_col`) VALUES
(1, 1, 'mas', 0, 0),
(2, 1, 'BOT', 1, 0),
(3, 1, 'mas', 1, 1),
(4, 1, 'BOT', 1, 2),
(5, 1, 'mas', 0, 2),
(6, 1, 'BOT', 2, 1),
(7, 1, 'mas', 0, 1),
(8, 1, 'BOT', 2, 2),
(9, 2, 'mas', 0, 0),
(10, 2, 'BOT', 1, 1),
(11, 2, 'mas', 2, 2),
(12, 2, 'BOT', 1, 2),
(13, 2, 'mas', 2, 1),
(14, 2, 'BOT', 2, 0),
(15, 2, 'mas', 0, 2),
(16, 2, 'BOT', 1, 0),
(17, 3, 'maximus', 0, 0),
(18, 3, 'walker', 0, 2),
(19, 3, 'maximus', 1, 1),
(20, 3, 'walker', 1, 0),
(21, 3, 'maximus', 2, 0),
(22, 3, 'walker', 2, 2),
(23, 3, 'maximus', 1, 2),
(24, 3, 'walker', 2, 1),
(25, 3, 'maximus', 0, 1),
(26, 4, 'nae', 2, 0),
(27, 4, 'mas', 1, 1),
(28, 4, 'nae', 0, 0),
(29, 4, 'mas', 1, 0),
(30, 4, 'nae', 1, 2),
(31, 4, 'mas', 0, 1),
(32, 4, 'nae', 2, 1),
(33, 4, 'mas', 0, 2),
(34, 4, 'nae', 2, 2),
(35, 6, 'maximus', 0, 0),
(36, 6, 'BOT', 2, 1),
(37, 6, 'maximus', 1, 2),
(38, 6, 'BOT', 1, 0),
(39, 6, 'maximus', 2, 2),
(40, 6, 'BOT', 0, 2),
(41, 6, 'maximus', 0, 1),
(42, 6, 'BOT', 2, 0),
(43, 6, 'maximus', 1, 1),
(44, 7, 'mas', 0, 0),
(45, 7, 'BOT', 0, 2),
(46, 7, 'mas', 1, 1),
(47, 7, 'BOT', 2, 2),
(48, 7, 'mas', 2, 0),
(49, 7, 'BOT', 0, 1),
(50, 7, 'mas', 1, 2),
(51, 7, 'BOT', 2, 1),
(52, 7, 'mas', 1, 0),
(53, 10, 'mas', 0, 0),
(54, 10, 'BOT', 2, 1),
(55, 10, 'mas', 1, 1),
(56, 10, 'BOT', 2, 0),
(57, 10, 'mas', 2, 2),
(58, 10, 'BOT', 1, 0),
(59, 11, 'mas', 0, 0),
(60, 11, 'BOT', 2, 1),
(61, 11, 'mas', 1, 1),
(62, 11, 'BOT', 2, 0),
(63, 11, 'mas', 2, 2),
(64, 11, 'BOT', 0, 1),
(65, 14, 'mas', 0, 0),
(66, 14, 'BOT', 2, 1),
(67, 14, 'mas', 1, 1),
(68, 14, 'BOT', 1, 2),
(69, 14, 'mas', 1, 0),
(70, 14, 'BOT', 2, 0),
(71, 14, 'mas', 0, 1),
(72, 14, 'BOT', 2, 2),
(73, 15, 'mas', 0, 0),
(74, 15, 'BOT', 2, 0),
(75, 15, 'X', -1, -1),
(76, 15, 'BOT', 1, 2),
(77, 15, 'mas', 0, 1),
(78, 15, 'BOT', 2, 2),
(79, 15, 'X', 0, 2),
(80, 15, 'BOT', 1, 0),
(81, 18, 'mas', 0, 0),
(82, 19, 'mas', 0, 0),
(83, 19, 'BOT', 1, 1),
(84, 19, 'mas', 2, 2),
(85, 19, 'BOT', 0, 2),
(86, 19, 'mas', 1, 2),
(87, 19, 'BOT', 2, 1),
(88, 19, 'mas', 2, 0),
(89, 19, 'BOT', 1, 0),
(90, 19, 'mas', 0, 1),
(91, 20, 'mas', 0, 1),
(92, 20, 'BOT', 1, 2),
(93, 20, 'mas', 1, 1),
(94, 20, 'BOT', 2, 2),
(95, 20, 'mas', 2, 1),
(96, 20, 'BOT', 0, 0),
(97, 21, 'mas', 0, 0),
(98, 21, 'BOT', 2, 0),
(99, 21, 'mas', 0, 1),
(100, 21, 'BOT', 1, 2),
(101, 21, 'mas', 1, 1),
(102, 21, 'BOT', 1, 0),
(103, 21, 'mas', 2, 1),
(104, 21, 'BOT', 2, 2),
(105, 22, 'mas', 0, 0),
(106, 22, 'BOT', 2, 1),
(107, 22, 'mas', 0, 1),
(108, 22, 'BOT', 1, 0),
(109, 22, 'mas', 1, 1),
(110, 22, 'BOT', 2, 2),
(111, 22, 'mas', 2, 0),
(112, 22, 'BOT', 1, 2),
(113, 22, 'mas', 0, 2),
(114, 23, 'mas', 0, 1),
(115, 23, 'BOT', 0, 0),
(116, 23, 'mas', 1, 1),
(117, 23, 'BOT', 2, 1),
(118, 23, 'mas', 2, 0),
(119, 23, 'BOT', 2, 2),
(120, 23, 'mas', 0, 2),
(121, 23, 'BOT', 1, 0),
(122, 24, 'mas', 0, 0),
(123, 24, 'BOT', 1, 1),
(124, 24, 'mas', 1, 0),
(125, 24, 'BOT', 2, 0),
(126, 24, 'mas', 0, 1),
(127, 24, 'BOT', 2, 2),
(128, 24, 'mas', 0, 2),
(129, 24, 'BOT', 1, 2),
(130, 25, 'mas', 0, 0),
(131, 25, 'BOT', 2, 0),
(132, 25, 'mas', 1, 1),
(133, 25, 'BOT', 1, 0),
(134, 25, 'mas', 2, 2),
(135, 25, 'BOT', 0, 2),
(136, 26, 'mas', 0, 0),
(137, 26, 'BOT', 0, 2),
(138, 26, 'mas', 1, 1),
(139, 26, 'BOT', 2, 0),
(140, 26, 'mas', 2, 2),
(141, 26, 'BOT', 1, 0),
(142, 27, 'mas', 0, 0),
(143, 27, 'BOT', 1, 0),
(144, 27, 'mas', 1, 1),
(145, 27, 'BOT', 2, 0),
(146, 27, 'mas', 2, 2),
(147, 27, 'BOT', 2, 1),
(148, 30, 'mas', 0, 0),
(149, 30, 'BOT', 2, 3),
(150, 30, 'mas', 1, 1),
(151, 30, 'BOT', 3, 2),
(152, 30, 'mas', 2, 1),
(153, 30, 'BOT', 0, 2),
(154, 30, 'mas', 3, 1),
(155, 30, 'BOT', 2, 4),
(156, 30, 'mas', 4, 1),
(157, 30, 'BOT', 2, 2),
(158, 30, 'mas', 0, 1),
(159, 30, 'BOT', 2, 0),
(160, 31, 'mas', 0, 0),
(161, 31, 'BOT', 0, 3),
(162, 31, 'mas', 1, 0),
(163, 31, 'BOT', 1, 1),
(164, 31, 'mas', 2, 0),
(165, 31, 'BOT', 2, 4),
(166, 31, 'mas', 3, 0),
(167, 31, 'BOT', 0, 2),
(168, 31, 'mas', 4, 0),
(169, 31, 'BOT', 1, 2),
(170, 32, 'mas', 0, 0),
(171, 32, 'BOT', 1, 4),
(172, 32, 'mas', 1, 1),
(173, 32, 'BOT', 2, 2),
(174, 32, 'mas', 2, 1),
(175, 32, 'BOT', 4, 1),
(176, 32, 'mas', 3, 1),
(177, 32, 'BOT', 0, 4),
(178, 32, 'mas', 4, 2),
(179, 32, 'BOT', 1, 2),
(180, 32, 'mas', 3, 0),
(181, 32, 'BOT', 0, 2),
(182, 32, 'mas', 2, 0),
(183, 32, 'BOT', 3, 2),
(184, 32, 'mas', 1, 0),
(185, 32, 'BOT', 0, 3),
(186, 32, 'mas', 4, 0),
(187, 32, 'BOT', 2, 3),
(188, 33, 'mas', 0, 0),
(189, 33, 'BOT', 2, 2),
(190, 33, 'mas', 1, 0),
(191, 33, 'BOT', 3, 2),
(192, 33, 'mas', 3, 0),
(193, 33, 'BOT', 4, 0),
(194, 34, 'mas', 0, 0),
(195, 34, 'BOT', 0, 2),
(196, 34, 'mas', 1, 1),
(197, 34, 'BOT', 3, 4),
(198, 34, 'mas', 2, 2),
(199, 34, 'BOT', 2, 3),
(200, 34, 'mas', 3, 3),
(201, 34, 'BOT', 0, 3),
(202, 35, 'mas', 0, 0),
(203, 35, 'BOT', 1, 4),
(204, 35, 'mas', 2, 1),
(205, 35, 'BOT', 3, 3),
(206, 35, 'mas', 2, 0),
(207, 35, 'BOT', 1, 1),
(208, 35, 'mas', 3, 0),
(209, 35, 'BOT', 2, 2),
(210, 35, 'mas', 1, 2),
(211, 35, 'BOT', 0, 3),
(212, 35, 'mas', 1, 0),
(213, 35, 'BOT', 4, 2),
(214, 36, 'mas', 0, 0),
(215, 36, 'BOT', 0, 2),
(216, 36, 'mas', 2, 0),
(217, 36, 'BOT', 3, 2),
(218, 36, 'mas', 3, 0),
(219, 36, 'BOT', 1, 1),
(220, 36, 'mas', 1, 0),
(221, 36, 'BOT', 3, 3),
(222, 37, 'mas', 3, 0),
(223, 37, 'BOT', 2, 2),
(224, 37, 'mas', 2, 1),
(225, 37, 'BOT', 1, 2),
(226, 37, 'mas', 4, 1),
(227, 37, 'BOT', 4, 2),
(228, 38, 'mas', 4, 1),
(229, 38, 'BOT', 3, 3),
(230, 39, 'mas', 4, 1),
(231, 39, 'BOT', 4, 3),
(232, 40, 'mas', 1, 1),
(233, 40, 'BOT', 3, 4),
(234, 40, 'mas', 2, 2),
(235, 40, 'BOT', 3, 0),
(236, 40, 'mas', 4, 1),
(237, 40, 'BOT', 2, 4),
(238, 41, 'mas', 4, 1),
(239, 41, 'BOT', 4, 2),
(240, 42, 'mas', 3, 1),
(241, 42, 'BOT', 3, 3),
(242, 43, 'mas', 0, 0),
(243, 43, 'BOT', 2, 3),
(244, 43, 'mas', 1, 1),
(245, 43, 'BOT', 1, 4),
(246, 43, 'mas', 4, 1),
(247, 43, 'BOT', 4, 4),
(248, 44, 'mas', 4, 4),
(249, 44, 'BOT', 3, 3),
(250, 44, 'mas', 4, 2),
(251, 44, 'BOT', 1, 0),
(252, 44, 'mas', 4, 1),
(253, 44, 'BOT', 3, 2),
(254, 45, 'mas', 4, 0),
(255, 45, 'BOT', 3, 0),
(256, 46, 'mas', 3, 1),
(257, 46, 'BOT', 4, 4),
(258, 46, 'mas', 2, 3),
(259, 46, 'BOT', 0, 3),
(260, 46, 'mas', 2, 2),
(261, 46, 'BOT', 4, 2),
(262, 46, 'mas', 1, 2),
(263, 46, 'BOT', 4, 0),
(264, 47, 'mas', 1, 2),
(265, 47, 'BOT', 4, 4),
(266, 47, 'mas', 1, 3),
(267, 47, 'BOT', 1, 4),
(268, 47, 'mas', 2, 2),
(269, 47, 'BOT', 1, 1),
(270, 47, 'mas', 2, 3),
(271, 47, 'BOT', 3, 2),
(272, 47, 'mas', 3, 3),
(273, 47, 'BOT', 0, 4),
(274, 47, 'mas', 4, 3),
(275, 47, 'BOT', 3, 1),
(276, 47, 'mas', 4, 2),
(277, 47, 'BOT', 3, 4),
(278, 47, 'mas', 4, 1),
(279, 47, 'BOT', 3, 0),
(280, 48, 'mas', 1, 2),
(281, 48, 'BOT', 5, 3),
(282, 48, 'mas', 2, 2),
(283, 48, 'BOT', 0, 3),
(284, 48, 'mas', 3, 2),
(285, 48, 'BOT', 3, 3),
(286, 48, 'mas', 4, 2),
(287, 48, 'BOT', 0, 0),
(288, 49, 'mas', 5, 1),
(289, 49, 'BOT', 2, 2),
(290, 50, 'mas', 4, 1),
(291, 50, 'BOT', 5, 4),
(292, 50, 'mas', 5, 2),
(293, 50, 'BOT', 1, 4),
(294, 51, 'mas', 5, 3),
(295, 51, 'BOT', 1, 2),
(296, 51, 'mas', 5, 2),
(297, 51, 'BOT', 0, 2),
(298, 52, 'mas', 5, 0),
(299, 52, 'BOT', 3, 4),
(300, 53, 'mas', 4, 0),
(301, 53, 'BOT', 2, 3),
(302, 53, 'mas', 4, 5),
(303, 53, 'BOT', 3, 0),
(304, 53, 'mas', 3, 5),
(305, 53, 'BOT', 0, 4),
(306, 53, 'mas', 1, 5),
(307, 53, 'BOT', 1, 2),
(308, 53, 'mas', 1, 3),
(309, 53, 'BOT', 1, 4),
(310, 53, 'mas', 0, 1),
(311, 53, 'BOT', 5, 4),
(312, 53, 'mas', 0, 0),
(313, 53, 'BOT', 3, 3),
(314, 53, 'mas', 1, 0),
(315, 53, 'BOT', 5, 0),
(316, 54, 'mas', 1, 0),
(317, 54, 'BOT', 0, 3),
(318, 54, 'mas', 2, 0),
(319, 54, 'BOT', 0, 2),
(320, 54, 'mas', 3, 0),
(321, 54, 'BOT', 1, 4),
(322, 54, 'mas', 4, 0),
(323, 54, 'BOT', 4, 3),
(324, 55, 'mas', 0, 0),
(325, 55, 'BOT', 1, 2),
(326, 55, 'mas', 1, 0),
(327, 55, 'BOT', 0, 2),
(328, 55, 'mas', 2, 1),
(329, 55, 'BOT', 2, 0),
(330, 55, 'mas', 1, 1),
(331, 55, 'BOT', 2, 2),
(332, 56, 'mas', 0, 0),
(333, 56, 'BOT', 0, 2),
(334, 56, 'mas', 1, 0),
(335, 56, 'BOT', 0, 1),
(336, 56, 'mas', 1, 1),
(337, 56, 'BOT', 2, 2),
(338, 56, 'mas', 2, 1),
(339, 56, 'BOT', 1, 2),
(340, 57, 'mas', 0, 0),
(341, 57, 'BOT', 2, 1),
(342, 57, 'mas', 1, 0),
(343, 57, 'BOT', 1, 1),
(344, 57, 'mas', 0, 1),
(345, 57, 'BOT', 2, 2),
(346, 57, 'mas', 0, 2),
(347, 57, 'BOT', 1, 2),
(348, 58, 'mas', 3, 0),
(349, 58, 'BOT', 3, 1),
(350, 58, 'mas', 3, 2),
(351, 58, 'BOT', 1, 2),
(352, 58, 'mas', 2, 1),
(353, 58, 'BOT', 0, 1),
(354, 58, 'mas', 1, 0),
(355, 58, 'BOT', 2, 0),
(356, 58, 'mas', 1, 1),
(357, 58, 'BOT', 1, 3),
(358, 58, 'mas', 0, 2),
(359, 58, 'BOT', 3, 3),
(360, 58, 'mas', 0, 3),
(361, 58, 'BOT', 2, 2),
(362, 58, 'mas', 2, 3),
(363, 58, 'BOT', 0, 0),
(364, 59, 'mas', 2, 1),
(365, 59, 'BOT', 1, 3),
(366, 59, 'mas', 1, 1),
(367, 59, 'BOT', 3, 1),
(368, 59, 'mas', 0, 1),
(369, 59, 'BOT', 0, 0),
(370, 59, 'mas', 1, 2),
(371, 59, 'BOT', 0, 3),
(372, 59, 'mas', 3, 0),
(373, 59, 'BOT', 1, 0),
(374, 59, 'mas', 3, 2),
(375, 59, 'BOT', 0, 2),
(376, 59, 'mas', 2, 2),
(377, 59, 'BOT', 2, 0),
(378, 59, 'mas', 2, 3),
(379, 59, 'BOT', 3, 3),
(380, 60, 'mas', 5, 1),
(381, 60, 'BOT', 3, 5),
(382, 60, 'mas', 5, 2),
(383, 60, 'BOT', 1, 3),
(384, 60, 'mas', 4, 3),
(385, 60, 'BOT', 4, 2),
(386, 60, 'mas', 3, 2),
(387, 60, 'BOT', 3, 0),
(388, 60, 'mas', 2, 1),
(389, 60, 'BOT', 0, 3),
(390, 60, 'mas', 2, 2),
(391, 60, 'BOT', 3, 3),
(392, 60, 'mas', 2, 3),
(393, 60, 'BOT', 0, 0),
(394, 60, 'mas', 1, 2),
(395, 60, 'BOT', 4, 4),
(396, 60, 'mas', 1, 1),
(397, 60, 'BOT', 1, 5),
(398, 60, 'mas', 3, 1),
(399, 60, 'BOT', 4, 0),
(400, 60, 'mas', 4, 1),
(401, 60, 'BOT', 0, 5),
(402, 60, 'mas', 5, 0),
(403, 60, 'BOT', 1, 4),
(404, 61, 'mas', 0, 1),
(405, 61, 'BOT', 2, 1),
(406, 61, 'mas', 0, 2),
(407, 61, 'BOT', 1, 2),
(408, 61, 'mas', 0, 3),
(409, 61, 'BOT', 4, 1),
(410, 61, 'mas', 0, 4),
(411, 61, 'BOT', 3, 0),
(412, 61, 'mas', 1, 3),
(413, 61, 'BOT', 5, 0),
(414, 61, 'mas', 2, 3),
(415, 61, 'BOT', 0, 0),
(416, 61, 'mas', 3, 3),
(417, 61, 'BOT', 2, 5),
(418, 61, 'mas', 3, 2),
(419, 61, 'BOT', 3, 5),
(420, 61, 'mas', 1, 4),
(421, 61, 'BOT', 3, 4),
(422, 61, 'mas', 0, 5),
(423, 61, 'BOT', 5, 2),
(424, 62, 'mas', 0, 5),
(425, 62, 'BOT', 0, 2),
(426, 62, 'mas', 1, 5),
(427, 62, 'BOT', 4, 4),
(428, 62, 'mas', 2, 5),
(429, 62, 'BOT', 4, 1),
(430, 62, 'mas', 3, 5),
(431, 62, 'BOT', 3, 0),
(432, 62, 'mas', 4, 5),
(433, 62, 'BOT', 5, 0),
(434, 62, 'mas', 5, 5),
(435, 62, 'BOT', 3, 2),
(436, 63, 'mas', 0, 3),
(437, 63, 'BOT', 2, 3),
(438, 63, 'mas', 0, 5),
(439, 63, 'BOT', 4, 0),
(440, 63, 'mas', 1, 5),
(441, 63, 'BOT', 3, 0),
(442, 63, 'mas', 2, 5),
(443, 63, 'BOT', 5, 3),
(444, 63, 'mas', 3, 5),
(445, 63, 'BOT', 5, 2),
(446, 63, 'mas', 4, 5),
(447, 63, 'BOT', 0, 0),
(448, 63, 'mas', 5, 5),
(449, 63, 'BOT', 2, 1),
(450, 64, 'mas', 5, 1),
(451, 64, 'BOT', 5, 3),
(452, 64, 'mas', 5, 2),
(453, 64, 'BOT', 1, 5),
(454, 64, 'mas', 4, 2),
(455, 64, 'BOT', 4, 0),
(456, 64, 'mas', 3, 2),
(457, 64, 'BOT', 1, 4),
(458, 64, 'mas', 2, 3),
(459, 64, 'BOT', 0, 4),
(460, 64, 'mas', 2, 2),
(461, 64, 'BOT', 3, 4),
(462, 64, 'mas', 1, 2),
(463, 64, 'BOT', 0, 5),
(464, 64, 'mas', 1, 1),
(465, 64, 'BOT', 0, 2),
(466, 64, 'mas', 0, 1),
(467, 64, 'BOT', 5, 0),
(468, 64, 'mas', 1, 0),
(469, 64, 'BOT', 3, 0),
(470, 64, 'mas', 3, 3),
(471, 64, 'BOT', 3, 5),
(472, 64, 'mas', 4, 4),
(473, 64, 'BOT', 0, 0),
(474, 65, 'mas', 1, 1),
(475, 65, 'BOT', 2, 0),
(476, 65, 'mas', 0, 2),
(477, 65, 'BOT', 2, 1),
(478, 65, 'mas', 2, 2),
(479, 65, 'BOT', 0, 0),
(480, 65, 'mas', 1, 0),
(481, 65, 'BOT', 1, 2),
(482, 65, 'mas', 0, 1),
(483, 66, 'mas', 0, 0),
(484, 66, 'mas2', 1, 1),
(485, 66, 'mas', 2, 0),
(486, 66, 'mas2', 2, 2),
(487, 66, 'mas', 0, 2),
(488, 66, 'mas2', 2, 1),
(489, 66, 'mas', 0, 1),
(490, 69, 'mas', 0, 0),
(491, 69, 'mas2', 0, 2),
(492, 69, 'mas', 1, 1),
(493, 69, 'mas2', 2, 2),
(494, 69, 'mas', 0, 1),
(495, 69, 'mas2', 1, 2),
(496, 70, 'mas', 0, 0),
(497, 70, 'mas2', 0, 2),
(498, 70, 'mas', 1, 1),
(499, 70, 'mas2', 2, 2),
(500, 70, 'mas', 2, 0),
(501, 70, 'mas2', 1, 0),
(502, 70, 'mas', 1, 2),
(503, 70, 'mas2', 2, 1),
(504, 70, 'mas', 0, 1),
(505, 71, 'mas', 0, 0),
(506, 71, 'mas2', 1, 1),
(507, 71, 'mas', 1, 0),
(508, 71, 'mas2', 2, 0),
(509, 71, 'mas', 2, 1),
(510, 71, 'mas2', 1, 2),
(511, 71, 'mas', 0, 1),
(512, 71, 'mas2', 0, 2),
(513, 72, 'mas', 0, 0),
(514, 72, 'mas2', 1, 0),
(515, 72, 'mas', 1, 1),
(516, 72, 'mas2', 2, 1),
(517, 72, 'mas', 2, 2),
(518, 73, 'mas', 0, 0),
(519, 73, 'BOT', 1, 0),
(520, 73, 'mas', 1, 1),
(521, 73, 'BOT', 0, 2),
(522, 73, 'mas', 2, 2),
(523, 73, 'BOT', 2, 1),
(524, 74, 'mas', 0, 0),
(525, 74, 'BOT', 0, 1),
(526, 74, 'mas', 1, 1),
(527, 74, 'BOT', 1, 2),
(528, 74, 'mas', 2, 2),
(529, 74, 'BOT', 1, 0),
(530, 75, 'mas', 0, 0),
(531, 75, 'BOT', 0, 2),
(532, 75, 'mas', 1, 1),
(533, 75, 'BOT', 2, 0),
(534, 75, 'mas', 1, 2),
(535, 75, 'BOT', 0, 1),
(536, 75, 'mas', 2, 1),
(537, 75, 'BOT', 1, 0),
(538, 75, 'mas', 2, 2),
(539, 76, 'mas', 0, 0),
(540, 76, 'BOT', 2, 1),
(541, 76, 'mas', 1, 1),
(542, 76, 'BOT', 1, 2),
(543, 76, 'mas', 0, 1),
(544, 76, 'BOT', 2, 0),
(545, 76, 'mas', 2, 2),
(546, 76, 'BOT', 1, 0),
(547, 77, 'mas', 0, 1),
(548, 77, 'mas2', 1, 1),
(549, 77, 'mas', 1, 2),
(550, 77, 'mas2', 2, 2),
(551, 77, 'mas', 2, 1),
(552, 77, 'mas2', 1, 0),
(553, 77, 'mas', 2, 0),
(554, 77, 'mas2', 0, 2),
(555, 77, 'mas', 0, 0),
(556, 78, 'mas', 0, 0),
(557, 78, 'BOT', 1, 0),
(558, 78, 'mas', 1, 1),
(559, 78, 'BOT', 0, 1),
(560, 78, 'mas', 1, 2),
(561, 78, 'BOT', 0, 2),
(562, 78, 'mas', 2, 1),
(563, 78, 'BOT', 2, 2),
(564, 78, 'mas', 2, 0),
(565, 79, 'mas', 0, 0),
(566, 79, 'mas2', 1, 0),
(567, 79, 'mas', 1, 1),
(568, 79, 'mas2', 0, 2),
(569, 79, 'mas', 2, 1),
(570, 79, 'mas2', 2, 0),
(571, 79, 'mas', 0, 1),
(572, 80, 'mas', 0, 0),
(573, 80, 'BOT', 0, 2),
(574, 81, 'mas', 0, 0),
(575, 81, 'mas2', 1, 1),
(576, 81, 'mas', 2, 2),
(577, 81, 'mas2', 1, 2),
(578, 81, 'mas', 1, 0),
(579, 81, 'mas2', 2, 0),
(580, 81, 'mas', 0, 2),
(581, 81, 'mas2', 0, 1),
(582, 81, 'mas', 2, 1),
(583, 80, 'mas', 1, 1),
(584, 80, 'BOT', 0, 1),
(585, 80, 'mas', 2, 0),
(586, 80, 'BOT', 1, 2),
(587, 80, 'mas', 2, 1),
(588, 80, 'BOT', 2, 2),
(589, 82, 'mas', 0, 0),
(590, 82, 'BOT', 1, 2),
(591, 82, 'mas', 1, 1),
(592, 82, 'BOT', 0, 0),
(593, 82, 'mas', 1, 0),
(594, 82, 'BOT', 2, 2),
(595, 82, 'mas', 2, 0),
(596, 82, 'BOT', 2, 2),
(597, 82, 'mas', 2, 1),
(598, 82, 'BOT', 2, 0),
(599, 82, 'mas', 0, 1),
(600, 82, 'BOT', 1, 1),
(601, 83, 'mas', 0, 0),
(602, 83, 'BOT', 1, 2),
(603, 83, 'mas', 1, 1),
(604, 83, 'BOT', 0, 1),
(605, 83, 'mas', 2, 2),
(606, 83, 'BOT', 1, 1),
(607, 83, 'mas', 2, 1),
(608, 83, 'BOT', 2, 0),
(609, 83, 'mas', 1, 0),
(610, 83, 'BOT', 0, 2),
(611, 84, 'mas', 0, 0),
(612, 84, 'BOT', 2, 0),
(613, 84, 'mas', 1, 1),
(614, 84, 'BOT', 2, 2),
(615, 84, 'mas', 1, 2),
(616, 84, 'BOT', 0, 1),
(617, 84, 'mas', 1, 0),
(618, 84, 'BOT', 2, 1),
(619, 85, 'mas', 0, 0),
(620, 85, 'BOT', 0, 1),
(621, 85, 'mas', 1, 1),
(622, 85, 'BOT', 2, 2),
(623, 85, 'mas', 0, 2),
(624, 85, 'BOT', 2, 1),
(625, 85, 'mas', 2, 0),
(626, 85, 'BOT', 1, 0),
(627, 86, 'mas', 0, 0),
(628, 86, 'BOT', 2, 1),
(629, 86, 'mas', 1, 2),
(630, 86, 'BOT', 1, 1),
(631, 86, 'mas', 0, 1),
(632, 86, 'BOT', 1, 0),
(633, 86, 'mas', 2, 0),
(634, 86, 'BOT', 2, 2),
(635, 86, 'mas', 0, 2),
(636, 87, 'mas', 0, 0),
(637, 87, 'BOT', 2, 0),
(638, 87, 'mas', 1, 1),
(639, 87, 'BOT', 1, 2),
(640, 87, 'mas', 2, 2),
(641, 87, 'BOT', 2, 1),
(642, 88, 'mas', 0, 0),
(643, 88, 'BOT', 1, 0),
(644, 88, 'mas', 0, 1),
(645, 88, 'BOT', 1, 1),
(646, 88, 'mas', 2, 2),
(647, 88, 'BOT', 0, 2),
(648, 88, 'mas', 1, 2),
(649, 88, 'BOT', 2, 0),
(650, 89, 'mas', 0, 0),
(651, 90, 'mas', 0, 0),
(652, 90, 'mas2', 1, 0),
(653, 90, 'mas', 2, 1),
(654, 90, 'mas2', 3, 0),
(655, 90, 'mas', 2, 0),
(656, 90, 'mas2', 1, 1),
(657, 90, 'mas', 0, 2),
(658, 90, 'mas2', 1, 2),
(659, 90, 'mas', 2, 2),
(660, 90, 'mas2', 1, 3),
(661, 91, 'mas', 0, 0),
(662, 91, 'BOT', 0, 2),
(663, 91, 'mas', 1, 1),
(664, 91, 'BOT', 2, 0),
(665, 91, 'mas', 1, 2),
(666, 91, 'BOT', 2, 2),
(667, 91, 'mas', 1, 0),
(668, 91, 'BOT', 2, 1),
(669, 92, 'mas', 0, 1),
(670, 92, 'BOT', 2, 2),
(671, 92, 'mas', 1, 2),
(672, 92, 'BOT', 0, 0),
(673, 92, 'mas', 2, 1),
(674, 92, 'BOT', 2, 0),
(675, 92, 'mas', 1, 1),
(676, 92, 'BOT', 1, 0),
(677, 93, 'mas', 0, 0),
(678, 93, 'BOT', 0, 2),
(679, 93, 'mas', 1, 1),
(680, 93, 'BOT', 0, 1),
(681, 93, 'mas', 1, 2),
(682, 93, 'BOT', 1, 0),
(683, 93, 'mas', 2, 2),
(684, 94, 'mas', 0, 0),
(685, 94, 'BOT', 2, 0),
(686, 94, 'mas', 1, 0),
(687, 94, 'BOT', 2, 2),
(688, 94, 'mas', 0, 1),
(689, 94, 'BOT', 2, 1),
(690, 95, 'mas', 0, 0),
(691, 95, 'BOT', 0, 1),
(692, 95, 'mas', 1, 1),
(693, 95, 'BOT', 1, 2),
(694, 95, 'mas', 2, 2);

--
-- Indexes for dumped tables
--

--
-- Indexes for table `games`
--
ALTER TABLE `games`
  ADD PRIMARY KEY (`id`);

--
-- Indexes for table `game_history`
--
ALTER TABLE `game_history`
  ADD PRIMARY KEY (`id`),
  ADD KEY `game_id` (`game_id`);

--
-- Indexes for table `moves`
--
ALTER TABLE `moves`
  ADD PRIMARY KEY (`id`),
  ADD KEY `game_id` (`game_id`);

--
-- AUTO_INCREMENT for dumped tables
--

--
-- AUTO_INCREMENT for table `games`
--
ALTER TABLE `games`
  MODIFY `id` int(11) NOT NULL AUTO_INCREMENT, AUTO_INCREMENT=96;

--
-- AUTO_INCREMENT for table `game_history`
--
ALTER TABLE `game_history`
  MODIFY `id` int(11) NOT NULL AUTO_INCREMENT, AUTO_INCREMENT=156;

--
-- AUTO_INCREMENT for table `moves`
--
ALTER TABLE `moves`
  MODIFY `id` int(11) NOT NULL AUTO_INCREMENT, AUTO_INCREMENT=695;

--
-- Constraints for dumped tables
--

--
-- Constraints for table `game_history`
--
ALTER TABLE `game_history`
  ADD CONSTRAINT `game_history_ibfk_1` FOREIGN KEY (`game_id`) REFERENCES `games` (`id`);

--
-- Constraints for table `moves`
--
ALTER TABLE `moves`
  ADD CONSTRAINT `moves_ibfk_1` FOREIGN KEY (`game_id`) REFERENCES `games` (`id`);
COMMIT;

/*!40101 SET CHARACTER_SET_CLIENT=@OLD_CHARACTER_SET_CLIENT */;
/*!40101 SET CHARACTER_SET_RESULTS=@OLD_CHARACTER_SET_RESULTS */;
/*!40101 SET COLLATION_CONNECTION=@OLD_COLLATION_CONNECTION */;
